Results from GCP instance in zome us-central1-a machine type e2-small intel Broadwell (Intel(R) Xeon(R) CPU @ 2.20GHz) 2GB RAM, ubuntu 20.04 LTS

(all core turbo frequency is 2.8GHz, which VM likely gets even if base frequency advertised to VM is 2.2GHz, see https://cloud.google.com/compute/docs/cpu-platforms#frequency_behavior)

hello!
data taken from 1000 iterations for each parameter setting. Times are reported in ns.
msg_len, num_servers, send_mean, send_stddev, pis_mean, pis_stddev, p1_mean, p1_stddev, read_mean, read_stddev, verify_mean, verify_stddev
20,2,12640.000000,4141.788182,732.000000,225.237188,3551.000000,987.193057,4255.000000,2300.320944,7507.000000,1482.076932,
20,3,12941.000000,989.170174,691.000000,24.338550,3627.000000,566.704621,4764.000000,777.970493,8700.000000,1065.415073,
20,4,14092.000000,5253.414217,714.000000,550.892942,3901.000000,1599.731110,5569.000000,1189.418215,9911.000000,9170.133296,
20,5,14541.000000,1057.531604,692.000000,95.327200,3844.000000,529.961601,6066.000000,470.084679,10846.000000,1243.606498,
20,6,15619.000000,5333.670201,691.000000,81.535054,4011.000000,1674.400878,7099.000000,7801.023194,11999.000000,1823.300619,
20,7,16134.000000,1844.801705,689.000000,102.810919,4149.000000,2644.070445,7433.000000,557.036372,13003.000000,1571.693565,
20,8,17006.000000,2415.187266,681.000000,50.212349,4014.000000,472.834215,8063.000000,817.362586,13715.000000,843.958778,
20,9,17509.000000,1041.622745,687.000000,75.587453,4216.000000,216.674892,8805.000000,1916.568128,15174.000000,1504.230282,
20,10,18228.000000,1005.169579,685.000000,66.244419,4224.000000,357.250477,9330.000000,728.591183,16215.000000,1947.188300,
40,2,13040.000000,4480.490311,762.000000,159.765268,3551.000000,497.603234,4405.000000,261.408504,7781.000000,1382.575243,
40,3,13521.000000,2228.161642,739.000000,164.406919,3704.000000,1221.079680,5184.000000,1896.825915,9008.000000,1348.475779,
40,4,14280.000000,2494.971193,719.000000,61.079432,3777.000000,880.335914,5878.000000,817.521080,9833.000000,985.619378,
40,5,15375.000000,2964.927506,722.000000,93.542974,3939.000000,994.849702,6820.000000,1316.268864,11139.000000,1255.424194,
40,6,16075.000000,1138.528428,738.000000,166.475809,3857.000000,363.819922,7357.000000,1024.755062,12232.000000,1627.172967,
40,7,16860.000000,1012.208125,727.000000,141.381477,4083.000000,1157.360560,8041.000000,756.699444,13407.000000,1546.074004,
40,8,17899.000000,3832.379159,724.000000,65.140088,4056.000000,551.116490,8823.000000,1234.195264,14485.000000,1734.181266,
40,9,18772.000000,1793.010491,719.000000,70.914427,4250.000000,376.834369,9468.000000,586.669127,15489.000000,1294.680228,
40,10,19553.000000,2756.259422,726.000000,92.176624,4317.000000,843.090235,10374.000000,2838.785192,16832.000000,1989.107250,
60,2,12790.000000,1262.811150,765.000000,85.818617,3567.000000,1576.454066,4388.000000,465.814049,7633.000000,572.940855,
60,3,13743.000000,3144.037520,741.000000,146.574125,3664.000000,524.177667,5219.000000,601.780640,9093.000000,1487.148179,
60,4,14512.000000,1490.898397,731.000000,132.243166,3785.000000,1096.365920,6087.000000,1214.447700,9969.000000,3154.545653,
60,5,15431.000000,1460.110982,749.000000,652.692553,3819.000000,254.045423,6873.000000,892.221988,11194.000000,1256.345524,
60,6,16246.000000,837.976379,732.000000,108.004259,3843.000000,563.419680,7583.000000,953.094337,12137.000000,959.002830,
60,7,17738.000000,6610.109863,749.000000,697.364017,4061.000000,662.176259,8793.000000,2323.426732,13390.000000,1679.256353,
60,8,18323.000000,2436.688734,742.000000,605.227485,4039.000000,546.202061,9231.000000,1108.103686,14502.000000,1472.215131,
60,9,19438.000000,4956.668723,735.000000,171.302639,4304.000000,822.191941,10188.000000,2439.167835,15896.000000,3465.494685,
60,10,20269.000000,1531.279042,728.000000,93.813032,4243.000000,583.220188,10810.000000,1325.121943,16545.000000,4232.707426,
80,2,12747.000000,1170.473192,742.000000,27.602192,3631.000000,3507.023841,4505.000000,573.714353,7649.000000,1042.841369,
80,3,13983.000000,2017.299742,750.000000,304.741331,3969.000000,5512.014787,5614.000000,2851.932811,9202.000000,2685.027254,
80,4,14882.000000,2744.435833,739.000000,138.660741,3859.000000,1627.458772,6378.000000,1650.025571,10146.000000,4603.321915,
80,5,15731.000000,1321.338702,729.000000,43.149635,3876.000000,820.973733,7119.000000,841.190604,11327.000000,3409.447999,
80,6,16845.000000,1675.851227,753.000000,608.566337,3895.000000,673.971203,7967.000000,754.630855,12098.000000,964.570538,
80,7,19980.000000,63082.818298,746.000000,214.534941,4157.000000,2560.800428,8889.000000,984.656585,13640.000000,2674.021282,
80,8,19221.000000,6120.458282,736.000000,107.895723,4147.000000,1470.686004,9870.000000,1357.330532,14805.000000,3667.749119,
80,9,19615.000000,3278.889348,726.000000,69.671781,4266.000000,1061.227364,10522.000000,747.527786,15716.000000,1686.356636,
80,10,20880.000000,2399.441582,738.000000,98.572780,4326.000000,1720.078470,11458.000000,1320.743306,16941.000000,2066.712684,
100,2,12923.000000,1145.990604,742.000000,237.893251,3532.000000,690.547510,4612.000000,525.319568,7694.000000,1638.170942,
100,3,13919.000000,1373.301367,732.000000,385.071893,3673.000000,726.144049,5641.000000,3235.575731,8946.000000,1228.450270,
100,4,15051.000000,1306.436569,723.000000,97.187700,3781.000000,726.731111,6540.000000,924.826035,9849.000000,2308.088671,
100,5,16210.000000,3552.232766,723.000000,88.667892,3894.000000,582.306255,7402.000000,573.960610,11178.000000,1754.802639,
100,6,17098.000000,2878.016676,713.000000,110.978354,3883.000000,479.681261,8323.000000,838.467112,12166.000000,2145.315027,
100,7,18190.000000,2775.928094,718.000000,133.791278,4022.000000,400.523021,9295.000000,984.288155,13467.000000,3266.155502,
100,8,19528.000000,3776.286649,711.000000,117.691809,4160.000000,1216.180311,10383.000000,1812.189919,14580.000000,2164.538994,
100,9,20316.000000,2089.878375,716.000000,128.658307,4302.000000,663.127703,11239.000000,1474.279441,15610.000000,1512.601283,
100,10,21377.000000,1915.855242,714.000000,139.394899,4266.000000,331.470278,12053.000000,961.890042,16563.000000,1531.565800,
120,2,13949.000000,5773.125690,823.000000,277.329975,3708.000000,2271.158801,5070.000000,2706.776375,8263.000000,4891.403170,
120,3,14732.000000,4524.675475,755.000000,135.009392,3850.000000,2425.029705,6100.000000,2624.131771,9746.000000,4677.144485,
120,4,15853.000000,3170.637512,772.000000,753.604575,3905.000000,1055.168875,7467.000000,10552.211211,10241.000000,1831.560850,
120,5,17259.000000,3663.723425,798.000000,786.738835,3992.000000,875.118160,8201.000000,3047.861780,12081.000000,5846.638495,
120,6,18436.000000,4613.398353,756.000000,130.554942,3993.000000,695.217871,9179.000000,3458.020111,12853.000000,3019.525254,
120,7,19309.000000,4280.459287,749.000000,156.610788,4100.000000,505.687467,9950.000000,1150.390746,13928.000000,3636.293531,
120,8,20726.000000,6544.561299,747.000000,87.504783,4113.000000,674.301632,11029.000000,2579.568766,14708.000000,1808.724408,
120,9,21855.000000,7196.965350,748.000000,263.141173,4322.000000,717.038622,12010.000000,2333.539676,16419.000000,7416.664914,
120,10,22650.000000,2861.929982,742.000000,119.560223,4564.000000,7189.063196,13032.000000,3469.538196,17168.000000,1964.193917,
140,2,13301.000000,1158.767660,768.000000,36.763379,3560.000000,532.249914,5004.000000,778.732319,8014.000000,4042.077885,
140,3,14619.000000,2966.469354,756.000000,146.010325,3689.000000,557.960826,6050.000000,528.058164,9273.000000,1502.447817,
140,4,15807.000000,3477.737848,742.000000,109.777234,3786.000000,850.570475,7096.000000,686.142844,10030.000000,724.700685,
140,5,16937.000000,1261.781380,743.000000,100.931937,3855.000000,353.008581,8093.000000,497.458752,11428.000000,1210.349048,
140,6,18569.000000,5665.806129,741.000000,75.529829,3887.000000,355.584554,9280.000000,879.046233,12548.000000,1466.361224,
140,7,19390.000000,2225.978021,748.000000,131.207698,4078.000000,570.550933,10402.000000,2906.239997,13794.000000,2075.025800,
140,8,20571.000000,1723.208761,744.000000,70.021882,4068.000000,723.581492,11617.000000,4464.328868,14850.000000,1431.066609,
140,9,21886.000000,5907.145123,749.000000,111.890205,4269.000000,548.900107,12451.000000,1225.470571,16146.000000,1665.889120,
140,10,23032.000000,1397.140264,747.000000,80.313747,4267.000000,559.064827,13504.000000,2841.445702,16878.000000,935.330862,
160,2,13274.000000,1038.005766,785.000000,310.687686,3544.000000,551.976942,5019.000000,2341.729537,7925.000000,1725.226840,
160,3,14416.000000,884.127636,758.000000,87.703438,3661.000000,487.175235,6113.000000,635.009190,9152.000000,936.622930,
160,4,15828.000000,2148.040100,755.000000,84.189411,3787.000000,727.491405,7254.000000,771.488244,10122.000000,1396.327181,
160,5,17061.000000,1091.423159,748.000000,103.677071,3892.000000,653.588022,8332.000000,685.236440,11451.000000,1035.489518,
160,6,18286.000000,1160.266692,744.000000,86.827133,3867.000000,434.009473,9458.000000,663.882887,12460.000000,999.020174,
160,7,19592.000000,1819.528217,744.000000,63.918581,4057.000000,376.524189,10576.000000,1110.051866,13617.000000,973.655476,
160,8,21004.000000,2157.249381,761.000000,354.082404,4052.000000,613.148774,11737.000000,974.981268,14804.000000,1721.523122,
160,9,22483.000000,2478.676306,755.000000,220.853442,4371.000000,1582.755360,12970.000000,1993.787522,16164.000000,2313.510782,
160,10,23714.000000,1646.020232,743.000000,50.203775,4585.000000,6231.659504,14041.000000,1098.807944,17134.000000,2181.250476,
180,2,14204.000000,4662.849507,781.000000,250.135273,3627.000000,966.519448,5420.000000,1032.602607,8174.000000,943.792873,
180,3,15061.000000,1927.919028,743.000000,224.261892,3662.000000,421.139011,6464.000000,581.796265,9294.000000,792.766108,
180,4,16570.000000,4363.878364,735.000000,200.058841,3818.000000,943.256039,7847.000000,3051.503838,10363.000000,1437.328097,
180,5,17926.000000,2514.872195,734.000000,130.067263,3969.000000,2179.712497,8928.000000,895.076627,11616.000000,1099.567717,
180,6,19215.000000,3279.534528,746.000000,178.776332,3920.000000,733.915712,10193.000000,1238.442931,12788.000000,3312.414902,
180,7,20511.000000,2620.085009,727.000000,79.068401,4068.000000,526.803499,11263.000000,802.885504,13778.000000,1184.329013,
180,8,21650.000000,1285.020293,730.000000,59.232339,4040.000000,661.882492,12469.000000,1095.489045,14890.000000,3128.865307,
180,9,23228.000000,3034.490324,739.000000,129.005546,4263.000000,659.292138,13742.000000,1461.913664,16275.000000,2130.088757,
180,10,24762.000000,4266.302095,747.000000,227.969077,4315.000000,850.457525,15116.000000,3419.468936,17309.000000,1579.024436,
200,2,14056.000000,2235.911625,790.000000,75.642852,3630.000000,2354.362401,5492.000000,1245.969578,8162.000000,965.630667,
200,3,15242.000000,1135.699869,774.000000,248.489034,3738.000000,1123.142547,6712.000000,1288.866352,9455.000000,1073.565742,
200,4,16887.000000,2108.338189,808.000000,921.755413,3861.000000,911.206291,8010.000000,906.930617,10406.000000,1041.416314,
200,5,18166.000000,1494.732814,760.000000,89.488435,3913.000000,609.145814,9184.000000,841.965602,11725.000000,1170.968542,
200,6,19526.000000,1356.782090,758.000000,127.207531,3918.000000,623.313302,10434.000000,828.207062,12798.000000,1412.046743,
200,7,21358.000000,4185.002894,769.000000,183.148912,4193.000000,748.210519,11927.000000,2824.463364,14175.000000,1773.424607,
200,8,22700.000000,4533.917137,768.000000,209.470320,4176.000000,812.816747,13421.000000,6344.968785,15223.000000,1799.906713,
200,9,24984.000000,9928.941341,775.000000,256.034955,4469.000000,1758.264723,14565.000000,2777.211606,16898.000000,4599.489891,
200,10,25494.000000,6406.943845,748.000000,29.755285,4340.000000,755.358831,15566.000000,1651.790137,17448.000000,2227.326301,
220,2,14473.000000,6847.227863,827.000000,472.418073,3629.000000,704.267496,5552.000000,1051.031521,8216.000000,1159.638530,
220,3,15599.000000,2000.066051,778.000000,138.797208,3823.000000,2924.522315,7096.000000,7744.329983,9396.000000,929.124413,
220,4,17490.000000,8723.579812,775.000000,155.939097,3900.000000,1181.655614,8266.000000,1161.224164,10479.000000,1305.639781,
220,5,18450.000000,1600.579832,758.000000,55.271159,3890.000000,519.453071,9600.000000,2354.180825,11796.000000,1283.530245,
220,6,20121.000000,3332.107442,770.000000,165.186431,3959.000000,916.866733,10920.000000,1501.595792,13003.000000,3509.875773,
220,7,21490.000000,3820.287916,773.000000,253.936338,4088.000000,855.177658,12171.000000,1775.674415,14042.000000,1323.209082,
220,8,22879.000000,1604.646828,762.000000,88.487756,4076.000000,619.731532,13508.000000,1337.528972,15227.000000,3811.226374,
220,9,25006.000000,3868.526000,806.000000,506.138901,4500.000000,1695.014832,15365.000000,4378.355440,16829.000000,3710.529182,
220,10,26824.000000,6786.547162,792.000000,579.427624,4496.000000,2839.974878,16606.000000,5802.755786,17987.000000,5801.747577,
240,2,14040.000000,1081.918720,825.000000,453.306620,3531.000000,310.438767,5623.000000,656.756759,8277.000000,853.787518,
240,3,15670.000000,3464.871592,784.000000,201.461336,3663.000000,545.645091,7031.000000,576.582289,9590.000000,955.309239,
240,4,17342.000000,3064.844184,783.000000,237.127240,3759.000000,552.220947,8450.000000,907.617023,10596.000000,1274.398887,
240,5,18879.000000,1356.652802,776.000000,90.122966,3872.000000,438.037487,9832.000000,597.133904,12021.000000,1430.088475,
240,6,20474.000000,1787.598381,771.000000,62.383940,3884.000000,533.429600,11310.000000,1187.829244,13135.000000,2414.115345,
240,7,22132.000000,4008.637993,774.000000,64.613358,4087.000000,515.921736,12797.000000,2722.815750,14404.000000,1526.781251,
240,8,23505.000000,1500.237647,775.000000,70.300000,4056.000000,668.862022,14034.000000,920.032907,15399.000000,1980.386024,
240,9,25498.000000,2883.926659,789.000000,157.206412,4321.000000,668.311501,15917.000000,5923.992439,17014.000000,2525.336110,
240,10,26932.000000,4751.904913,786.000000,201.146288,4286.000000,680.127201,16992.000000,1306.303536,18014.000000,3099.356636,
260,2,14418.000000,2288.734648,798.000000,375.305341,3625.000000,1073.023113,5930.000000,2701.752213,8347.000000,1262.831619,
260,3,15839.000000,1515.501576,766.000000,135.030834,3669.000000,487.695200,7260.000000,979.891083,9505.000000,1014.444184,
260,4,17609.000000,3138.920904,761.000000,174.214428,3858.000000,1454.841002,8793.000000,2119.127362,10504.000000,1226.505130,
260,5,19366.000000,3627.149561,759.000000,178.786736,3966.000000,901.361294,10491.000000,6361.410669,12291.000000,4097.272047,
260,6,20725.000000,4254.304781,740.000000,119.625248,3853.000000,422.860937,11629.000000,909.634501,12915.000000,1688.687667,
260,7,22327.000000,1399.865216,752.000000,119.427723,4095.000000,652.016559,13119.000000,1109.282024,14210.000000,1707.749584,
260,8,24200.000000,2773.122505,772.000000,470.617106,4156.000000,1540.311863,14791.000000,2474.887212,15566.000000,3960.075969,
260,9,25654.000000,1531.422299,748.000000,95.091488,4277.000000,507.111201,16099.000000,1166.131257,16545.000000,4046.216287,
260,10,27448.000000,2452.894039,763.000000,503.851555,4298.000000,841.290989,17660.000000,3014.674205,17623.000000,1855.351095,
280,2,14518.000000,2696.998410,815.000000,201.465305,3594.000000,678.832194,5923.000000,812.068013,8575.000000,3594.326896,
280,3,16024.000000,1544.721173,792.000000,480.195043,3697.000000,663.635465,7409.000000,1120.864675,9583.000000,1023.657127,
280,4,17991.000000,3714.557159,788.000000,328.529439,3948.000000,2165.770005,9096.000000,1528.906747,10663.000000,2360.529390,
280,5,19600.000000,2705.799066,784.000000,313.126019,4193.000000,6224.160857,10540.000000,959.679476,12058.000000,1439.559279,
280,6,21248.000000,2671.953324,780.000000,123.946908,3958.000000,1819.197434,12113.000000,2128.727551,13178.000000,2791.588010,
280,7,23663.000000,8458.720176,774.000000,85.835243,4189.000000,1008.855524,14001.000000,5637.928794,14722.000000,3895.105685,
280,8,24699.000000,3578.364804,767.000000,100.219379,4066.000000,566.500276,15121.000000,2712.273850,15333.000000,2237.985338,
280,9,27038.000000,7968.158428,775.000000,123.691475,4371.000000,849.611337,16894.000000,3607.828219,16856.000000,2242.883538,
280,10,29102.000000,9592.142623,784.000000,135.972626,4437.000000,1606.421220,18488.000000,3565.200586,18198.000000,5988.676934,
300,2,14950.000000,2339.159095,865.000000,673.353429,3598.000000,1029.479495,6357.000000,1740.850005,8719.000000,2909.399136,
300,3,16718.000000,3237.926922,813.000000,188.293763,3718.000000,720.736544,7837.000000,1065.026411,9907.000000,2519.594032,
300,4,18607.000000,2885.190087,811.000000,192.582180,3916.000000,1140.397672,9457.000000,901.886948,11105.000000,5356.795400,
300,5,21473.000000,8106.965061,822.000000,133.921824,4187.000000,2183.077179,11805.000000,4280.659122,12988.000000,4379.731757,
300,6,23480.000000,9465.579850,861.000000,708.829936,4283.000000,2991.779995,13607.000000,7711.035190,14410.000000,5761.270022,
300,7,24419.000000,6550.054452,803.000000,295.443660,4356.000000,600.508284,14713.000000,6633.498450,15077.000000,3529.195814,
300,8,25811.000000,3229.813453,788.000000,120.504021,4215.000000,2123.716084,16214.000000,5304.192997,15878.000000,2024.153670,
300,9,27311.000000,3368.019997,784.000000,103.498961,4286.000000,410.761831,17365.000000,1049.073500,16935.000000,1259.647078,
300,10,29340.000000,3435.896063,809.000000,341.593451,4340.000000,903.936371,19188.000000,2181.118632,18326.000000,3002.357089,
320,2,14667.000000,3141.416644,851.000000,115.696577,3608.000000,681.193620,6191.000000,668.306787,8530.000000,580.753518,
320,3,16593.000000,2876.924407,866.000000,1330.600751,5085.000000,44244.571307,8038.000000,3068.649498,10098.000000,2416.806853,
320,4,18822.000000,2549.138682,828.000000,195.057825,4194.000000,5478.126877,9919.000000,2166.750515,11508.000000,7478.348635,
320,5,21490.000000,7838.621128,845.000000,499.839952,4107.000000,1125.761839,11609.000000,2626.518300,12887.000000,4481.773434,
320,6,22512.000000,3315.091498,811.000000,168.159983,3963.000000,872.935845,13260.000000,5411.112513,13586.000000,4642.462673,
320,7,24594.000000,6897.055398,818.000000,463.940277,4310.000000,5502.625609,14634.000000,1302.214917,14912.000000,3788.212532,
320,8,25947.000000,2539.678068,795.000000,73.965992,4047.000000,476.112484,16163.000000,1097.324606,15715.000000,1540.210715,
320,9,28262.000000,4756.058414,797.000000,139.866454,4327.000000,1479.051272,18194.000000,5519.050626,17204.000000,3344.875089,
320,10,29871.000000,2469.324227,801.000000,133.206179,4238.000000,458.927516,19600.000000,1508.928747,18260.000000,3737.318113,
340,2,15150.000000,3686.624803,837.000000,206.028224,3639.000000,1584.804555,6275.000000,1294.865410,8590.000000,1443.434951,
340,3,16635.000000,1732.880889,805.000000,435.500571,3678.000000,561.268435,8068.000000,2840.746796,9887.000000,1347.652282,
340,4,18471.000000,1154.245728,776.000000,126.346318,3742.000000,551.316117,9688.000000,883.182188,10870.000000,3921.157133,
340,5,20703.000000,1638.237964,768.000000,65.293009,3885.000000,471.880101,11707.000000,5290.849517,12311.000000,2064.798500,
340,6,22678.000000,2983.373555,768.000000,100.140032,3921.000000,893.293124,13273.000000,1700.875052,13447.000000,2837.714344,
340,7,24758.000000,5071.369931,773.000000,144.253544,4080.000000,625.478280,15074.000000,4853.526225,14521.000000,1774.300343,
340,8,26367.000000,1744.615318,765.000000,159.772491,4040.000000,434.794118,16570.000000,1103.707290,15517.000000,1572.836481,
340,9,28923.000000,4572.509418,770.000000,122.092395,4344.000000,695.165605,18723.000000,3361.290906,17199.000000,5783.067282,
340,10,30678.000000,4607.790359,789.000000,435.415452,4351.000000,868.230238,20270.000000,1776.089255,18099.000000,2783.708885,
360,2,15160.000000,1493.265143,854.000000,138.234616,3629.000000,656.606255,6559.000000,491.213754,8824.000000,809.484086,
360,3,17649.000000,7950.039584,838.000000,287.222638,3750.000000,1048.949169,8446.000000,1317.363195,10240.000000,3455.369761,
360,4,19454.000000,4497.847176,823.000000,188.416698,4018.000000,4430.654008,10268.000000,1048.828818,11307.000000,8451.128784,
360,5,21229.000000,1710.810955,817.000000,209.927764,3869.000000,206.402849,12131.000000,3220.259963,12579.000000,2496.452826,
360,6,23422.000000,1937.618215,828.000000,407.966453,3909.000000,631.875455,14055.000000,4302.933463,13538.000000,1470.081474,
360,7,25279.000000,1245.838883,811.000000,324.344944,4084.000000,1120.472944,15627.000000,1732.510352,14654.000000,1480.983510,
360,8,27539.000000,4264.317916,800.000000,95.245551,4028.000000,378.986876,17317.000000,1071.333504,15676.000000,1797.859245,
360,9,29376.000000,2558.227664,795.000000,81.488361,4318.000000,2651.599190,19099.000000,1419.209382,16852.000000,1115.911946,
360,10,31619.000000,1978.244688,812.000000,274.469288,4339.000000,2080.563585,20922.000000,1146.846488,18076.000000,1516.339612,
380,2,15067.000000,1237.403973,875.000000,256.536504,3553.000000,310.753681,6673.000000,1077.590492,8842.000000,1230.624403,
380,3,17449.000000,4495.071688,825.000000,81.068237,3667.000000,401.235337,8529.000000,1480.645297,10022.000000,1136.203641,
380,4,19335.000000,3725.179219,820.000000,105.576153,3784.000000,649.758107,10321.000000,870.485741,10945.000000,626.130021,
380,5,21531.000000,3340.879215,819.000000,155.303026,3897.000000,571.443150,12268.000000,2320.889395,12509.000000,1491.263323,
380,6,23635.000000,1598.356790,809.000000,123.040953,3963.000000,1299.395921,14250.000000,3031.817241,13617.000000,1707.560243,
380,7,26010.000000,3618.756918,826.000000,434.727087,4218.000000,3698.847552,16245.000000,3413.860163,14948.000000,1760.661615,
380,8,29826.000000,19153.386725,908.000000,1967.042671,6059.000000,53911.362438,18711.000000,11780.680395,17701.000000,25473.987574,
380,9,32027.000000,30155.939347,849.000000,1127.022529,4784.000000,9120.243121,21716.000000,28470.022368,18397.000000,9782.045577,
380,10,32323.000000,3037.578297,807.000000,58.968712,4261.000000,469.907564,21595.000000,2181.835508,18428.000000,1637.093325,
400,2,15205.000000,1297.946391,858.000000,55.735805,3593.000000,579.199918,6774.000000,2804.671926,8839.000000,949.678996,
400,3,17517.000000,2258.147468,876.000000,920.023636,3783.000000,1722.523791,8705.000000,1270.785506,10295.000000,2012.487073,
400,4,19826.000000,5450.879603,827.000000,288.404277,3893.000000,2294.027489,10820.000000,4809.486759,11104.000000,1415.941692,
400,5,22140.000000,3706.963559,818.000000,70.749155,3917.000000,385.749235,12672.000000,2753.314807,12718.000000,3214.501511,
400,6,24255.000000,2497.584215,837.000000,376.439744,3941.000000,589.463171,14730.000000,2293.323676,13771.000000,1697.115202,
400,7,26409.000000,2399.256838,818.000000,151.541882,4172.000000,1171.954794,16616.000000,2756.277277,15234.000000,3361.141932,
400,8,28565.000000,2307.348721,814.000000,143.991135,4130.000000,1321.618050,18431.000000,3421.204580,16056.000000,2058.857005,
400,9,30914.000000,4141.370161,812.000000,79.035555,4385.000000,1122.703151,20536.000000,3421.918119,17560.000000,4079.679509,
400,10,33335.000000,5666.735850,822.000000,140.384479,4487.000000,2683.137769,22335.000000,3371.370453,18654.000000,2822.477872,
420,2,15247.000000,874.478461,857.000000,173.089850,3566.000000,512.871882,6799.000000,666.039640,8827.000000,983.750871,
420,3,17404.000000,862.360867,810.000000,18.345544,3634.000000,306.199362,8717.000000,680.184543,10052.000000,1138.937438,
420,4,19807.000000,2499.507330,807.000000,85.731429,3783.000000,792.716565,10858.000000,2603.199133,10991.000000,947.185156,
420,5,21984.000000,1186.686474,804.000000,75.093628,3885.000000,576.140957,12700.000000,746.642110,12346.000000,967.820955,
420,6,24777.000000,5496.999044,828.000000,354.785260,3965.000000,889.230364,15068.000000,3160.469538,13826.000000,2585.158177,
420,7,26683.000000,1949.102101,810.000000,216.884179,4050.000000,424.926505,16851.000000,2325.692797,14836.000000,1560.182414,
420,8,29012.000000,1767.140994,804.000000,274.192877,4093.000000,710.921369,18785.000000,1269.320498,15953.000000,2266.625017,
420,9,31126.000000,1764.763098,789.000000,41.338275,4269.000000,504.633648,20817.000000,4202.706110,17323.000000,4456.368780,
420,10,33427.000000,2534.292469,794.000000,64.868051,4275.000000,599.875385,22933.000000,4122.896131,18386.000000,2724.626934,
440,2,16034.000000,3446.632732,906.000000,622.139701,3637.000000,975.942525,7194.000000,2936.562623,9157.000000,1867.706463,
440,3,17996.000000,2147.425039,846.000000,232.519184,3689.000000,789.422543,9143.000000,1617.327766,10501.000000,2320.975625,
440,4,20097.000000,1243.865079,842.000000,240.009312,3879.000000,2801.106458,11180.000000,1004.513943,11270.000000,1082.409618,
440,5,22529.000000,1181.175949,825.000000,91.903156,3877.000000,683.733082,13430.000000,4750.855131,12739.000000,1376.037093,
440,6,24959.000000,1622.169420,826.000000,130.104681,3947.000000,2404.844322,15202.000000,828.569429,13766.000000,1026.359483,
440,7,27221.000000,1294.514965,819.000000,76.130763,4026.000000,539.873182,17327.000000,2218.721926,15086.000000,1372.545015,
440,8,30391.000000,5237.750151,841.000000,267.054358,4144.000000,987.437542,19796.000000,4330.758379,16510.000000,2729.077615,
440,9,32580.000000,3967.431028,835.000000,274.872358,4499.000000,3973.542601,21963.000000,4977.435920,18134.000000,5548.311953,
440,10,35017.000000,5038.772070,858.000000,530.492751,4406.000000,1000.277816,24166.000000,5309.999853,19515.000000,8770.958527,
460,2,15877.000000,2315.723309,895.000000,222.731163,3579.000000,404.358251,7281.000000,3335.523187,9144.000000,1615.180983,
460,3,17990.000000,1187.413190,859.000000,157.721165,3680.000000,618.764182,9243.000000,860.240336,10279.000000,889.679554,
460,4,21088.000000,5409.592700,851.000000,97.268057,3910.000000,1358.491854,11511.000000,2054.376631,11379.000000,1782.156511,
460,5,23207.000000,2253.592623,842.000000,110.170137,3936.000000,554.200233,13820.000000,3931.873422,12940.000000,2427.436275,
460,6,25323.000000,1299.365397,830.000000,107.327844,3909.000000,691.223139,15670.000000,1321.719708,14009.000000,3519.560971,
460,7,28119.000000,3695.395039,836.000000,67.063105,4095.000000,657.203373,18013.000000,3319.735567,15395.000000,2964.103042,
460,8,30550.000000,3246.077183,854.000000,389.890142,4143.000000,1008.927156,20183.000000,2869.523476,16599.000000,4324.540456,
460,9,32657.000000,1777.489021,827.000000,111.061312,4294.000000,758.140236,22232.000000,4126.371827,17659.000000,2315.855780,
460,10,35342.000000,1720.620429,833.000000,80.521469,4323.000000,563.811735,24495.000000,4094.696047,19061.000000,4075.367654,
480,2,15853.000000,1149.168696,908.000000,45.309878,3570.000000,390.849257,7264.000000,964.839486,9077.000000,1043.679313,
480,3,18230.000000,1278.682613,871.000000,139.218257,3656.000000,251.514047,9363.000000,607.754462,10350.000000,945.551381,
480,4,20731.000000,1331.936643,859.000000,114.121392,3933.000000,2138.998764,11725.000000,2070.463670,11513.000000,2642.336297,
480,5,23367.000000,3529.023444,853.000000,124.056145,3894.000000,441.323860,13854.000000,1142.937903,12809.000000,1507.239926,
480,6,26186.000000,4876.247789,838.000000,107.264738,4024.000000,1183.736753,16339.000000,3545.570160,14598.000000,7148.968077,
480,7,28333.000000,1833.412721,856.000000,463.974861,4098.000000,866.826142,18380.000000,2724.780173,15471.000000,3348.037711,
480,8,31584.000000,9353.374887,862.000000,375.161377,4258.000000,3698.582919,20896.000000,7093.785539,16632.000000,4599.445910,
480,9,33473.000000,2771.595453,838.000000,92.953994,4349.000000,1020.059263,22759.000000,1769.917452,17813.000000,2717.980997,
480,10,36152.000000,5839.838271,831.000000,85.372812,4283.000000,424.536361,25006.000000,2782.885001,19007.000000,3278.157340,
500,2,15997.000000,3424.437440,893.000000,210.190338,3568.000000,496.915126,7419.000000,669.441283,9165.000000,1489.425284,
500,3,18706.000000,3700.967176,845.000000,242.385623,3725.000000,920.796390,9783.000000,1096.173435,10589.000000,1741.332909,
500,4,21431.000000,5908.782625,867.000000,569.014018,3871.000000,1071.248978,12222.000000,2069.031311,11510.000000,1414.878012,
500,5,23642.000000,1781.182720,817.000000,96.640328,3943.000000,521.162114,14349.000000,2442.789744,13081.000000,3551.783354,
500,6,26313.000000,4087.168586,821.000000,128.330772,3884.000000,503.480294,16530.000000,1324.428551,13989.000000,1630.155752,
500,7,29062.000000,4922.575012,809.000000,84.143532,4134.000000,757.901549,18830.000000,1277.278269,15321.000000,1644.907081,
500,8,31957.000000,5595.776719,817.000000,137.060943,4133.000000,622.782406,21460.000000,3349.385114,16602.000000,2000.140243,
500,9,34706.000000,8727.878986,826.000000,253.198448,4500.000000,2211.244400,23913.000000,4658.363715,18165.000000,4024.532725,
500,10,36932.000000,3248.438561,856.000000,788.535102,4549.000000,3777.731021,26208.000000,6687.484097,19327.000000,3893.751834,
520,2,16453.000000,4112.860505,918.000000,330.415985,3628.000000,817.570668,7673.000000,1429.264907,9456.000000,4533.153090,
520,3,18604.000000,1052.612727,863.000000,179.853204,3678.000000,475.453235,9809.000000,704.448687,10501.000000,1102.832404,
520,4,22178.000000,8056.376374,892.000000,770.591673,3968.000000,1465.759801,12453.000000,3987.363620,11755.000000,2938.398094,
520,5,24125.000000,3462.007280,849.000000,125.169134,3888.000000,513.998272,14555.000000,1329.345071,13007.000000,1340.510434,
520,6,26788.000000,2184.087190,883.000000,482.372476,3956.000000,870.367259,17063.000000,2868.093126,14454.000000,4286.006561,
520,7,30023.000000,5595.734647,852.000000,208.867503,4225.000000,2185.243735,19611.000000,3216.714445,15787.000000,3661.325592,
520,8,31917.000000,2536.734403,842.000000,159.572889,4065.000000,509.160440,21699.000000,2801.984502,16682.000000,3314.076847,
520,9,34768.000000,2248.527523,839.000000,111.140600,4320.000000,716.583620,24083.000000,3016.387945,18153.000000,5376.057757,
520,10,37538.000000,4771.696453,845.000000,110.146393,4313.000000,542.745436,26351.000000,2058.765689,19412.000000,6228.453974,
540,2,16225.000000,3436.777053,887.000000,125.373522,3514.000000,399.880592,7501.000000,744.990713,9152.000000,967.459581,
540,3,18914.000000,2782.390322,860.000000,81.117606,3659.000000,241.829812,9874.000000,630.467212,10582.000000,2306.365249,
540,4,21557.000000,2159.535121,851.000000,126.610521,3807.000000,800.535783,12337.000000,1028.289169,11451.000000,965.095888,
540,5,24214.000000,1492.382501,845.000000,109.648092,3843.000000,261.942963,14777.000000,1598.680677,12885.000000,988.537790,
540,6,27187.000000,3412.439900,852.000000,371.501832,3953.000000,810.061800,17211.000000,1729.874512,14172.000000,1739.604366,
540,7,30341.000000,7293.381191,852.000000,124.619160,4115.000000,704.452512,19837.000000,4687.254952,15742.000000,3721.381121,
540,8,32508.000000,1827.509147,843.000000,88.792747,4080.000000,466.100310,22060.000000,2892.485698,16683.000000,2074.852106,
540,9,35520.000000,5070.186440,872.000000,714.721736,4292.000000,635.585314,24472.000000,2751.720231,18020.000000,1783.105676,
540,10,37759.000000,1957.879559,838.000000,70.991197,4282.000000,565.045307,26620.000000,1014.676342,19036.000000,1854.481391,
560,2,16219.000000,922.055131,900.000000,41.987260,3538.000000,355.033773,7770.000000,438.704979,9389.000000,931.614876,
560,3,19019.000000,1772.188411,879.000000,166.780338,3688.000000,625.414483,10246.000000,1057.680785,10684.000000,869.805729,
560,4,21805.000000,1356.878297,864.000000,119.235230,3782.000000,660.912011,12806.000000,1319.540827,11841.000000,2859.896491,
560,5,25019.000000,3948.341800,870.000000,206.181743,3943.000000,1006.080654,15462.000000,2740.345968,13416.000000,1856.615052,
560,6,28000.000000,3583.867290,877.000000,152.174459,3917.000000,656.605081,18022.000000,4055.030380,14468.000000,1735.198191,
560,7,31003.000000,4161.151533,881.000000,328.219867,4140.000000,683.499842,20551.000000,4038.359695,15940.000000,2153.562119,
560,8,33780.000000,5479.567998,861.000000,94.239015,4166.000000,1122.463041,22853.000000,3234.680079,17032.000000,2125.804707,
560,9,36563.000000,6415.654491,857.000000,71.575093,4309.000000,658.183541,25248.000000,1936.152694,18297.000000,2434.031653,
560,10,38888.000000,1675.767008,874.000000,378.993583,4310.000000,775.947560,27737.000000,1974.754210,19520.000000,3178.065839,
580,2,17348.000000,8524.788064,937.000000,888.375753,3609.000000,576.119811,8324.000000,5903.601697,9695.000000,2808.732352,
580,3,19252.000000,1227.872705,848.000000,133.473110,3668.000000,440.214993,10645.000000,4009.979317,10727.000000,1224.199572,
580,4,22128.000000,1436.374444,844.000000,175.601814,3793.000000,776.869264,13082.000000,1268.917237,11653.000000,872.632015,
580,5,25240.000000,3583.574524,836.000000,68.602216,4237.000000,7312.314489,15653.000000,2742.207765,13322.000000,1787.249597,
580,6,27841.000000,1712.156542,835.000000,98.290274,3895.000000,607.562990,18281.000000,4567.743398,14293.000000,1582.228901,
580,7,30673.000000,1498.518415,839.000000,124.621210,4156.000000,2510.327705,20618.000000,1223.465053,15505.000000,1065.947418,
580,8,33430.000000,1401.420437,844.000000,272.156461,4055.000000,357.103941,23142.000000,2601.646001,16709.000000,1672.921844,
580,9,36770.000000,3963.290127,849.000000,493.301570,4322.000000,697.062462,25881.000000,2370.715496,18191.000000,3342.689717,
580,10,39499.000000,2794.172308,839.000000,116.965264,4402.000000,1491.345278,28283.000000,3017.292287,19264.000000,1920.935874,
600,2,16731.000000,1637.777359,938.000000,398.270171,3557.000000,671.920490,8030.000000,1098.502640,9534.000000,2608.665212,
600,3,19652.000000,1599.100378,882.000000,224.569250,3685.000000,544.139044,10599.000000,769.611850,10811.000000,1633.491486,
600,4,22550.000000,1634.646183,875.000000,186.804962,3783.000000,701.267495,13313.000000,1181.660702,11735.000000,1005.570069,
600,5,26084.000000,5282.054816,877.000000,169.877744,4011.000000,1098.697692,16145.000000,3674.867924,13779.000000,5131.342699,
600,6,29110.000000,4636.705850,883.000000,243.230627,4112.000000,1984.184649,18795.000000,2184.351024,15136.000000,6790.800663,
600,7,31935.000000,5938.088480,875.000000,317.669177,4187.000000,1598.668943,21484.000000,4269.229621,16108.000000,4431.451277,
600,8,34501.000000,4241.816207,861.000000,229.317860,4135.000000,725.482994,23768.000000,1587.784420,17145.000000,4160.742951,
600,9,37548.000000,4133.754466,867.000000,285.321468,4364.000000,940.706064,26853.000000,11555.289123,18421.000000,3251.528349,
600,10,40957.000000,5119.878673,874.000000,290.626793,4451.000000,990.451422,29618.000000,6408.044030,19753.000000,3179.343213,
620,2,16856.000000,1373.765245,920.000000,196.359082,3520.000000,440.831785,8338.000000,751.037860,9684.000000,1126.077961,
620,3,20122.000000,3638.957074,907.000000,347.001667,3665.000000,309.309754,11209.000000,2380.575500,11071.000000,1625.451819,
620,4,22837.000000,2135.889736,878.000000,177.193270,3755.000000,754.849474,13624.000000,1111.631538,12032.000000,1182.354787,
620,5,26010.000000,2840.399176,880.000000,337.189579,3867.000000,673.935173,16353.000000,3023.936766,13386.000000,1084.676874,
620,6,28970.000000,1472.661135,868.000000,97.765925,3866.000000,617.946293,19013.000000,2586.951549,14615.000000,1431.279561,
620,7,32057.000000,3181.245339,866.000000,89.104405,4013.000000,316.167797,21595.000000,1238.617374,15930.000000,1393.473435,
620,8,35037.000000,2560.284713,863.000000,68.565283,4040.000000,373.498308,24254.000000,1207.245927,17021.000000,1163.213589,
620,9,38141.000000,1891.664965,865.000000,82.849086,4252.000000,397.274819,27122.000000,2473.502238,18569.000000,2855.735986,
620,10,41417.000000,2657.558785,887.000000,285.140358,4343.000000,858.362101,30186.000000,6520.404509,19860.000000,3272.420115,
640,2,17103.000000,2569.139127,966.000000,778.443657,3596.000000,719.929140,8359.000000,960.830984,9585.000000,979.913638,
640,3,20271.000000,2757.064012,984.000000,1937.408641,3858.000000,3572.072358,11174.000000,1322.241209,11167.000000,2587.430047,
640,4,23054.000000,2733.631073,887.000000,176.420702,3806.000000,811.563863,13830.000000,1239.676240,11950.000000,888.129387,
640,5,26761.000000,5015.368632,892.000000,207.562651,4004.000000,1221.334423,16882.000000,3687.392545,13824.000000,2751.488295,
640,6,29642.000000,2604.243822,921.000000,1018.037927,3962.000000,874.978144,19682.000000,3932.971124,14953.000000,2918.585442,
640,7,32699.000000,5057.778639,879.000000,127.186029,4094.000000,527.395556,22212.000000,3625.892201,16156.000000,2073.716059,
640,8,36115.000000,5694.193130,879.000000,135.690287,4245.000000,2390.386267,25097.000000,2980.375916,17294.000000,1715.113849,
640,9,38808.000000,2131.051159,877.000000,113.417666,4288.000000,425.366520,27591.000000,3362.681579,18560.000000,1560.412941,
640,10,42052.000000,4323.161031,880.000000,97.524018,4327.000000,677.230060,30257.000000,2847.944428,19760.000000,1509.021161,
660,2,16957.000000,1006.000548,913.000000,323.461849,3536.000000,341.525097,8407.000000,734.974737,9509.000000,790.866986,
660,3,20035.000000,2183.594436,861.000000,158.728498,3680.000000,546.993146,11192.000000,924.973687,10825.000000,937.032410,
660,4,23562.000000,3494.128983,885.000000,576.832971,3897.000000,2102.599698,14301.000000,3491.819056,12095.000000,3540.227372,
660,5,26445.000000,2514.972963,860.000000,272.743665,3851.000000,444.194510,16881.000000,2604.409065,13350.000000,2433.341342,
660,6,29820.000000,4273.874035,852.000000,219.742811,3968.000000,909.682840,19784.000000,2879.698598,14470.000000,1485.497196,
660,7,32728.000000,3500.789594,841.000000,106.322415,4050.000000,454.029090,22545.000000,4076.028045,15688.000000,1206.569669,
660,8,36890.000000,5857.627899,861.000000,168.352075,4376.000000,3093.207444,26029.000000,6038.758705,17706.000000,5773.162513,
660,9,39009.000000,1855.482498,851.000000,296.096955,4262.000000,511.795833,28099.000000,2830.886669,18219.000000,1684.141294,
660,10,43161.000000,9034.100422,860.000000,171.395452,4365.000000,1280.624814,31081.000000,2105.956380,19538.000000,1697.556766,
680,2,17468.000000,2560.273129,939.000000,49.725346,3735.000000,3434.796204,8794.000000,1555.218896,9897.000000,1276.204512,
680,3,20516.000000,1537.770798,898.000000,104.434046,3687.000000,574.988554,11552.000000,1239.189345,11172.000000,1098.346093,
680,4,23774.000000,3066.863610,902.000000,174.283634,3796.000000,788.240383,14392.000000,1163.457173,12184.000000,1064.223395,
680,5,27084.000000,3160.016410,894.000000,149.101509,3915.000000,464.678393,17269.000000,1208.592918,13598.000000,905.184998,
680,6,30208.000000,1518.163689,885.000000,129.735735,3924.000000,672.222690,20088.000000,1242.778126,14944.000000,3322.511046,
680,7,33491.000000,2538.698762,880.000000,94.409322,4059.000000,384.220746,23011.000000,1367.050458,16131.000000,1376.044997,
680,8,36833.000000,2688.859504,889.000000,290.221476,4110.000000,736.683862,25854.000000,1415.819003,17437.000000,2408.272651,
680,9,40711.000000,4920.518640,895.000000,116.671723,4483.000000,2428.413883,29689.000000,10875.529199,19101.000000,2220.852413,
680,10,44402.000000,6754.302180,896.000000,248.271237,4434.000000,848.156447,32276.000000,5253.772853,20362.000000,3187.570112,
700,2,17975.000000,3818.420777,977.000000,276.843721,3835.000000,4553.521226,9029.000000,2893.245674,10241.000000,5906.857670,
700,3,20805.000000,2577.026898,906.000000,150.810447,3700.000000,749.654552,11779.000000,1139.891211,11158.000000,1089.399394,
700,4,24700.000000,12876.832781,926.000000,533.405161,3952.000000,3887.362869,14995.000000,6619.286205,12988.000000,11685.956696,
700,5,27691.000000,3360.370570,906.000000,272.220767,4041.000000,2310.892530,17815.000000,2684.457527,13915.000000,1762.784808,
700,6,30932.000000,4624.705364,891.000000,107.129118,3944.000000,663.007750,20470.000000,1094.456323,14948.000000,2312.776172,
700,7,34313.000000,4442.668414,894.000000,118.271459,4111.000000,588.524082,23781.000000,5366.048930,16664.000000,5632.836752,
700,8,38418.000000,9018.373096,913.000000,396.901450,4180.000000,910.592030,26893.000000,6047.636258,17847.000000,4614.491359,
700,9,41935.000000,10429.350810,902.000000,159.088573,4434.000000,920.731644,30168.000000,6456.401529,19496.000000,7482.733181,
700,10,44284.000000,2847.265566,914.000000,365.690004,4398.000000,1091.426297,32540.000000,3619.305740,20175.000000,2388.970655,
720,2,17276.000000,1030.505445,933.000000,212.552577,3528.000000,380.184884,8780.000000,2365.266725,9805.000000,869.562113,
720,3,21350.000000,6983.885217,961.000000,1116.942603,3869.000000,2142.163771,12238.000000,4471.771399,11478.000000,4553.518466,
720,4,24959.000000,5703.042755,980.000000,1197.414688,4385.000000,6267.407697,15274.000000,4550.980315,12468.000000,1539.222020,
720,5,28069.000000,4850.324365,908.000000,193.422364,4014.000000,789.304437,18175.000000,4789.978082,14128.000000,3266.581390,
720,6,31646.000000,4830.420334,902.000000,142.559619,3989.000000,778.455206,21520.000000,7704.458300,15877.000000,12007.196331,
720,7,35006.000000,6625.977434,903.000000,171.808393,4311.000000,3510.842738,24200.000000,4640.392752,16726.000000,4020.446712,
720,8,38103.000000,2766.113345,898.000000,119.948235,4101.000000,449.740967,27002.000000,4274.256172,17679.000000,3547.416299,
720,9,41507.000000,4686.668978,892.000000,94.576625,4491.000000,3607.868758,29932.000000,1768.935943,18919.000000,2525.627908,
720,10,44822.000000,5620.372163,889.000000,75.627654,4310.000000,541.698470,32812.000000,1600.088623,20114.000000,1660.682048,
740,2,17578.000000,1307.681607,928.000000,33.442652,3574.000000,552.516892,8892.000000,664.199267,9908.000000,3038.849419,
740,3,21059.000000,1711.035596,912.000000,248.232959,3689.000000,454.341263,11982.000000,1184.047466,11186.000000,2982.863306,
740,4,24392.000000,1396.136548,878.000000,80.682452,3773.000000,534.584721,15034.000000,2235.775796,12143.000000,1046.881373,
740,5,27974.000000,2711.132454,880.000000,80.046105,3915.000000,894.716770,18321.000000,3360.678857,13761.000000,1588.095639,
740,6,31714.000000,4599.724237,884.000000,204.242721,3975.000000,633.770580,21406.000000,1757.741061,15024.000000,3280.959179,
740,7,35322.000000,4874.464841,904.000000,400.678562,4161.000000,827.184234,24576.000000,6229.756331,16220.000000,1819.887319,
740,8,38771.000000,3828.858169,888.000000,128.708310,4243.000000,1671.643270,28097.000000,5113.787550,17857.000000,6230.042276,
740,9,42210.000000,5155.141263,894.000000,339.638475,4392.000000,878.728109,30691.000000,2825.404332,19098.000000,3888.046320,
740,10,46071.000000,7303.789137,878.000000,88.587629,4428.000000,799.030615,34195.000000,5835.670833,20521.000000,8674.063892,
760,2,17888.000000,2609.084726,1001.000000,937.685835,3664.000000,1185.864493,9262.000000,2216.595805,10047.000000,1560.899487,
760,3,21376.000000,3440.013271,917.000000,152.347859,3703.000000,502.524995,12312.000000,1010.965600,11372.000000,1052.811702,
760,4,25027.000000,2517.839389,951.000000,985.700131,3920.000000,1374.724005,15465.000000,1079.894093,12515.000000,1450.962956,
760,5,28727.000000,3171.454636,910.000000,115.609550,4050.000000,2398.546627,18754.000000,1531.532569,14186.000000,3158.338135,
760,6,32391.000000,4530.831032,922.000000,486.204467,3932.000000,440.668386,22070.000000,5265.130399,15148.000000,1247.116831,
760,7,35883.000000,4865.218419,901.000000,114.022414,4123.000000,775.978188,25093.000000,5815.991542,16528.000000,1669.869640,
760,8,39316.000000,5106.759674,891.000000,95.354727,4102.000000,587.023903,28174.000000,4407.084654,17674.000000,1832.400418,
760,9,42632.000000,3490.242015,900.000000,118.645510,4283.000000,366.501557,31082.000000,1349.121125,19264.000000,4155.786594,
760,10,46417.000000,4170.933578,897.000000,115.628863,4366.000000,894.376606,34526.000000,7174.948237,20236.000000,1741.821752,
780,2,17985.000000,1317.924003,955.000000,129.641938,3645.000000,1881.064541,9230.000000,684.725308,10049.000000,3316.087738,
780,3,21507.000000,2303.060833,916.000000,75.065272,3705.000000,596.761232,12525.000000,2896.230252,11410.000000,1183.717161,
780,4,25112.000000,2306.691127,906.000000,104.220627,3788.000000,800.107997,15640.000000,942.248358,12374.000000,666.846853,
780,5,28691.000000,2420.520279,905.000000,117.141910,3878.000000,418.610923,18848.000000,1265.657629,13859.000000,1000.686384,
780,6,32450.000000,3311.864683,903.000000,75.377337,3921.000000,644.614389,22118.000000,1969.257865,15189.000000,3231.003064,
780,7,35936.000000,2598.401348,915.000000,488.592967,4098.000000,859.741159,25445.000000,1961.649180,16456.000000,1137.142931,
780,8,39515.000000,1544.686035,900.000000,91.478123,4073.000000,766.942749,28482.000000,1791.062707,17684.000000,2115.219110,
780,9,43196.000000,1734.445521,896.000000,56.678559,4309.000000,748.829771,31895.000000,2903.416335,19113.000000,2210.032125,
780,10,47049.000000,2179.642871,911.000000,132.413202,4279.000000,521.605688,35082.000000,3607.937966,20461.000000,3869.759675,
800,2,17868.000000,2956.226628,959.000000,208.615721,3544.000000,276.120628,9346.000000,1011.374440,10009.000000,896.570837,
800,3,21528.000000,1605.452973,935.000000,274.114874,3661.000000,427.176531,12620.000000,2752.043503,11439.000000,2925.722812,
800,4,25453.000000,4285.143225,924.000000,130.069247,3895.000000,1587.995620,16035.000000,2452.119946,12522.000000,1825.651463,
800,5,29110.000000,3491.613993,912.000000,119.696558,3937.000000,754.752206,19294.000000,1797.805131,14057.000000,1481.609973,
800,6,33374.000000,7792.218282,914.000000,134.565018,3978.000000,633.681770,22555.000000,1705.703447,15229.000000,1316.377238,
800,7,36920.000000,4403.940062,948.000000,789.978036,4186.000000,976.649998,25949.000000,3286.856697,16722.000000,1926.968079,
800,8,40806.000000,4485.627406,924.000000,285.669895,4339.000000,3256.752064,29464.000000,5302.456078,18069.000000,2642.216813,
800,9,43966.000000,2017.052151,901.000000,68.113082,4302.000000,578.196631,32454.000000,4106.014694,19177.000000,1599.371935,
800,10,48017.000000,5088.381945,909.000000,75.555106,4381.000000,897.472970,35750.000000,2843.760684,20499.000000,2957.780504,
820,2,18282.000000,1341.044446,955.000000,286.346704,3574.000000,563.063602,9504.000000,807.951815,10203.000000,1023.848135,
820,3,21931.000000,1552.323490,911.000000,85.932107,3711.000000,993.644638,13015.000000,3573.551279,11459.000000,714.494345,
820,4,25771.000000,1383.433809,898.000000,16.554607,3771.000000,715.653911,16152.000000,2892.756362,12612.000000,989.452825,
820,5,29509.000000,1352.317361,892.000000,70.438590,3968.000000,1994.980141,19549.000000,2602.435624,14134.000000,1040.111965,
820,6,33470.000000,2285.099630,920.000000,372.041115,3911.000000,366.214321,23136.000000,3807.786123,15801.000000,7300.547361,
820,7,36970.000000,1608.721491,905.000000,141.300860,4106.000000,797.614145,26246.000000,1787.259155,16855.000000,3946.114569,
820,8,40960.000000,4041.265854,893.000000,74.585327,4132.000000,802.073220,29687.000000,3357.902030,17857.000000,1262.745266,
820,9,44507.000000,1737.951902,897.000000,345.368400,4278.000000,488.308684,32859.000000,1519.640297,19227.000000,1479.561180,
820,10,49795.000000,8786.439261,1079.000000,4393.561540,4715.000000,5825.059907,38712.000000,29184.490022,21719.000000,8013.800347,
840,2,20179.000000,4360.956469,1087.000000,259.258103,5764.000000,53999.541276,10788.000000,2689.095523,12148.000000,20347.848729,
840,3,22275.000000,3624.078512,942.000000,118.929496,3690.000000,634.021986,13042.000000,1186.873807,11465.000000,763.773557,
840,4,25954.000000,2900.356992,940.000000,187.763780,3754.000000,734.502053,16392.000000,1073.004962,12679.000000,1128.185222,
840,5,29944.000000,2471.417969,945.000000,535.056541,3931.000000,903.168486,20048.000000,2631.297075,14366.000000,2613.501290,
840,6,33925.000000,3092.564858,927.000000,135.685010,4024.000000,2436.234585,23385.000000,1565.267264,15619.000000,1810.131415,
840,7,37788.000000,2764.241843,918.000000,83.062916,4129.000000,773.776500,26833.000000,1317.973386,16868.000000,1230.847158,
840,8,41406.000000,2424.293696,913.000000,106.623182,4066.000000,410.686877,30252.000000,3193.645700,17987.000000,1415.822957,
840,9,45800.000000,3335.897313,929.000000,161.305214,4351.000000,832.449220,34077.000000,3799.642658,19861.000000,3594.931824,
840,10,49812.000000,5972.959496,927.000000,206.473049,4357.000000,588.577914,37511.000000,4623.431274,20851.000000,2211.722264,
860,2,18704.000000,2618.364068,1025.000000,439.334117,3697.000000,2686.544257,9920.000000,1872.828532,10542.000000,5413.610069,
860,3,22321.000000,1454.985411,957.000000,343.448357,3675.000000,624.791197,13204.000000,1127.317716,11502.000000,848.646466,
860,4,26489.000000,2644.241920,942.000000,130.867784,3967.000000,3105.710905,17778.000000,3407.772684,12903.000000,2559.238690,
860,5,30613.000000,5112.771569,951.000000,438.580131,3976.000000,1089.139791,20422.000000,1696.738473,14553.000000,3032.731492,
860,6,34213.000000,2371.326164,921.000000,107.588062,3954.000000,1724.137560,23646.000000,1326.248558,15558.000000,2126.362923,
860,7,38094.000000,3012.774975,923.000000,97.405493,4115.000000,919.983409,27211.000000,1700.549551,17044.000000,3834.620264,
860,8,41968.000000,1923.853425,923.000000,102.135449,4100.000000,999.617128,30718.000000,3656.710049,17991.000000,1418.844385,
860,9,45743.000000,1515.632438,920.000000,97.604190,4276.000000,594.141263,34032.000000,1602.278411,19415.000000,1466.041449,
860,10,49859.000000,2707.435667,919.000000,72.807115,4307.000000,707.892873,37702.000000,4454.475854,20822.000000,2877.855182,
880,2,18951.000000,3818.592110,1195.000000,158.959190,3615.000000,458.371015,10147.000000,950.197041,10709.000000,1220.929717,
880,3,22898.000000,4565.938079,1045.000000,186.813380,3763.000000,565.107346,13698.000000,1452.938950,12132.000000,3492.259797,
880,4,26690.000000,3538.261705,1011.000000,142.858570,3749.000000,608.713373,17242.000000,1134.537387,13206.000000,1327.734887,
880,5,31125.000000,5420.953285,1045.000000,339.454434,4010.000000,794.858855,20989.000000,3395.161389,14765.000000,1579.663113,
880,6,35841.000000,8311.822806,1019.000000,471.429267,4063.000000,1168.857357,25010.000000,6191.729676,16525.000000,7168.879459,
880,7,39352.000000,4641.516569,1013.000000,171.234135,4260.000000,2177.654835,28106.000000,3643.477469,17925.000000,5003.940198,
880,8,42859.000000,3224.222110,979.000000,115.149138,4085.000000,485.720439,31855.000000,6769.048099,18631.000000,1654.564576,
880,9,46864.000000,3071.622207,976.000000,208.918793,4315.000000,535.722140,35103.000000,2901.764325,20328.000000,6075.558828,
880,10,50759.000000,1730.927448,970.000000,112.702143,4278.000000,291.608062,38495.000000,2503.661099,21405.000000,2376.616734,
900,2,18982.000000,4855.680842,1152.000000,400.840758,3599.000000,615.060802,10354.000000,1490.856461,10830.000000,2647.278646,
900,3,22851.000000,1993.820660,1026.000000,304.815584,3736.000000,553.606894,14127.000000,3334.965530,12001.000000,1693.095388,
900,4,28073.000000,10596.812358,1019.000000,242.957976,3976.000000,3243.807980,18312.000000,7277.931016,13559.000000,2130.907064,
900,5,31429.000000,3090.109300,1024.000000,1265.801828,4043.000000,794.119471,21538.000000,5944.133964,14979.000000,3776.823055,
900,6,35737.000000,7292.774613,983.000000,235.471272,4057.000000,1102.742508,25237.000000,3814.883935,16324.000000,3918.425268,
900,7,39338.000000,4426.485581,962.000000,150.430147,4213.000000,2379.015940,28582.000000,4010.492580,17386.000000,3309.613408,
900,8,43136.000000,2106.837877,952.000000,184.262902,4101.000000,645.362180,32218.000000,3892.515411,18396.000000,1502.963246,
900,9,47252.000000,3391.798634,947.000000,176.474281,4267.000000,466.119446,35574.000000,2263.167976,19845.000000,1969.399439,
900,10,51485.000000,4901.569302,959.000000,293.462187,4319.000000,592.116874,39584.000000,4490.242411,21263.000000,2206.973489,
920,2,19026.000000,1728.268895,1188.000000,166.689637,3732.000000,2962.426512,10344.000000,1553.832086,10772.000000,2649.855574,
920,3,23070.000000,3834.746902,1045.000000,252.788694,3706.000000,457.652228,13985.000000,1336.125921,12033.000000,1478.340887,
920,4,27331.000000,2489.921888,1047.000000,790.842068,3837.000000,985.589403,17801.000000,3261.218809,13436.000000,2790.130733,
920,5,31949.000000,5786.752383,1035.000000,516.258378,4030.000000,810.200943,21839.000000,4365.125216,15320.000000,5514.865155,
920,6,35679.000000,3716.918909,1008.000000,512.410830,3989.000000,708.319559,25307.000000,4164.974879,16337.000000,3309.079913,
920,7,39984.000000,5580.046373,1014.000000,378.568339,4224.000000,2206.740635,28783.000000,1845.119691,17522.000000,1610.342772,
920,8,43791.000000,2515.143398,976.000000,107.451580,4107.000000,510.726077,32486.000000,2531.420812,18734.000000,4400.128423,
920,9,47972.000000,2132.927549,964.000000,73.375568,4333.000000,706.922480,36221.000000,3333.363185,20152.000000,3172.183817,
920,10,52573.000000,4125.641262,980.000000,115.697416,4462.000000,1078.937304,40073.000000,2900.417328,21752.000000,4540.853481,
940,2,19874.000000,4970.902959,1159.000000,2417.188076,3760.000000,3155.684081,10670.000000,917.515586,11195.000000,3631.579867,
940,3,23666.000000,1854.106791,1002.000000,182.059858,3805.000000,1865.087136,14475.000000,2159.096022,12404.000000,2246.125594,
940,4,28077.000000,3240.646459,988.000000,136.094478,3826.000000,796.067722,18219.000000,1308.008935,13664.000000,4860.482690,
940,5,32070.000000,1513.922713,983.000000,82.680167,3893.000000,335.263128,21749.000000,1275.452552,15015.000000,3215.389799,
940,6,36375.000000,2687.501867,972.000000,114.365388,3870.000000,245.254462,25471.000000,1180.797749,16189.000000,1439.367129,
940,7,40647.000000,1714.117988,1004.000000,392.945654,4086.000000,531.285340,29401.000000,3740.687178,17507.000000,1169.314570,
940,8,45461.000000,5230.806527,980.000000,132.043451,4155.000000,728.275389,33462.000000,4576.886521,18984.000000,1738.669503,
940,9,49703.000000,4944.108146,985.000000,149.632019,4359.000000,715.846086,37063.000000,3135.096747,20547.000000,2171.619878,
940,10,53453.000000,3480.148824,983.000000,241.257991,4325.000000,624.665071,40578.000000,2793.397102,21644.000000,1694.887501,
960,2,19528.000000,1625.812594,1048.000000,219.781432,3598.000000,334.259450,10641.000000,847.143526,10947.000000,995.084356,
960,3,23588.000000,1154.768580,1004.000000,201.026369,3701.000000,405.883802,14554.000000,3341.901400,12217.000000,1180.660914,
960,4,27933.000000,2391.041729,996.000000,179.613079,3736.000000,615.961731,18246.000000,1138.065924,13490.000000,1399.059787,
960,5,32355.000000,2334.947018,990.000000,107.580649,3982.000000,1123.904119,21946.000000,973.520681,15039.000000,2265.932763,
960,6,36716.000000,2281.286330,977.000000,86.785540,3910.000000,381.729403,25882.000000,2466.046959,16329.000000,2441.526036,
960,7,41534.000000,3815.222878,1017.000000,270.170846,4168.000000,926.935258,29804.000000,1838.915773,17791.000000,1599.845723,
960,8,46005.000000,4211.255779,1001.000000,206.271469,4202.000000,909.518065,34243.000000,5354.212661,19586.000000,5144.346120,
960,9,50144.000000,6967.783148,982.000000,98.869647,4356.000000,782.622285,37627.000000,3714.783654,20628.000000,3026.737196,
960,10,54565.000000,5222.366531,985.000000,177.763601,4427.000000,1235.333928,41414.000000,3804.278928,22009.000000,4596.631161,
980,2,19712.000000,5622.315449,1032.000000,101.450136,3599.000000,1006.138442,10798.000000,3527.147523,10906.000000,2641.218136,
980,3,24272.000000,2747.970676,998.000000,231.541674,3803.000000,839.005753,14966.000000,4927.556031,12516.000000,3316.485128,
980,4,28470.000000,2150.749717,962.000000,90.378869,3900.000000,4161.183820,18980.000000,6594.954679,13608.000000,2804.527311,
980,5,32989.000000,5333.522218,970.000000,181.675772,3948.000000,573.182777,22428.000000,1702.142952,14772.000000,1207.028509,
980,6,37812.000000,5145.197845,978.000000,171.807634,4096.000000,2251.977876,26957.000000,5275.237405,16540.000000,4129.911917,
980,7,41322.000000,1714.628625,967.000000,63.768613,4071.000000,624.385071,30069.000000,2552.175531,17343.000000,902.919706,
980,8,45823.000000,2165.795012,938.000000,40.825311,4085.000000,381.361643,34179.000000,3763.291699,18703.000000,1584.998480,
980,9,50196.000000,2938.830003,948.000000,99.077672,4286.000000,433.674282,37947.000000,2025.654420,20171.000000,1735.932975,
980,10,55493.000000,7561.708394,963.000000,177.245939,4451.000000,1131.343076,42306.000000,3657.864762,21775.000000,2743.757370,
1000,2,19998.000000,2619.137560,1099.000000,179.036273,3584.000000,444.849397,11072.000000,644.917743,11099.000000,959.480496,
1000,3,24558.000000,3220.365583,1008.000000,187.210320,3800.000000,864.213143,15218.000000,2816.922772,12711.000000,1746.701072,
1000,4,29095.000000,4794.554971,1000.000000,191.478892,3779.000000,540.423674,19099.000000,2570.428779,13742.000000,1534.156276,
1000,5,33908.000000,5620.429430,1014.000000,196.342441,4258.000000,4498.221264,23383.000000,4882.896448,15443.000000,2272.824932,
1000,6,38207.000000,2806.715016,996.000000,91.539942,4210.000000,5878.881608,27546.000000,4962.995192,17135.000000,5278.215526,
1000,7,42701.000000,4506.099209,1013.000000,170.989988,4215.000000,945.377191,31358.000000,5784.198759,18180.000000,2034.090080,
1000,8,47011.000000,2870.914068,982.000000,87.086486,4261.000000,1498.483049,35309.000000,3921.215986,19484.000000,2371.404769,
1000,9,51465.000000,2441.303940,982.000000,114.565907,4329.000000,529.620438,38795.000000,1815.338720,20757.000000,2004.595637,
1000,10,56099.000000,2719.932022,992.000000,109.316362,4374.000000,594.484276,42907.000000,2072.902392,22148.000000,1897.845139,
1020,2,20556.000000,4859.458344,1113.000000,588.417656,3778.000000,851.833318,11520.000000,2131.334087,11664.000000,1551.972383,
1020,3,24660.000000,3858.332840,1023.000000,251.532978,3768.000000,586.828033,15183.000000,1382.622407,12531.000000,1367.019198,
1020,4,28976.000000,1536.508989,1023.000000,206.017812,3777.000000,799.670117,19424.000000,4339.372908,13803.000000,2189.205073,
1020,5,34106.000000,4239.800684,1011.000000,122.323559,4029.000000,1111.962451,23284.000000,2334.379313,15376.000000,2067.601606,
1020,6,38282.000000,1902.931869,1012.000000,435.500140,3927.000000,341.304067,27313.000000,2720.924917,16426.000000,887.544761,
1020,7,43279.000000,4526.766176,1018.000000,154.353186,4277.000000,4140.682391,31616.000000,4771.105042,18165.000000,2419.889913,
1020,8,47410.000000,2796.077455,994.000000,174.071195,4104.000000,518.464745,35405.000000,3458.927484,19153.000000,1188.256553,
1020,9,52500.000000,6851.965804,994.000000,70.560690,4387.000000,835.702847,39658.000000,5065.340647,20963.000000,3140.134791,
1020,10,56811.000000,4743.989475,1003.000000,370.032417,4406.000000,1046.191345,43768.000000,6034.652552,22074.000000,3239.540366,

done.
